category,hook
Educational,Here’s exactly how much (X0) you need to (result)
Curiosity,Did you know this about (topic)?
Authority,I tested (X2) so you don’t have to
Controversial,You’ve been lied to about (topic)
Money,How I saved (amount) doing this
Relatable,I failed at (X5) until I learned this
Listicle,8 strategies for (growth)
Educational,Beginner’s guide to (topic)
Curiosity,This sounds crazy but it works
Authority,"I studied (topic) deeply, here’s the truth"
Controversial,Stop doing this if you want (result)
Money,Turn (X11) into income using this method
Relatable,"I used to think (X12), but now…"
Listicle,7 hacks for (goal)
Educational,"If you want to (goal), start with this"
Curiosity,I tried (action) for (time)… here’s what happened
Authority,This is how I do (X16) consistently
Controversial,This is a waste of time
Money,How to monetize (skill)
Relatable,This is what nobody prepares you for
Listicle,3 things you need to know about (topic)
Educational,"In 60 seconds, I’ll teach you how to (result)"
Curiosity,"Nobody talks about this, but…"
Authority,"After (time), here’s what I learned"
Controversial,This is why you’re failing at (X24)
Money,Make money with this simple trick
Relatable,You’re not alone if you feel this
Listicle,9 tips for (improvement)
Educational,The only framework you need to (result)
Curiosity,Here’s what no one tells you about (topic)
Authority,"I’ve been doing (X30) for years, here’s what works"
Controversial,This advice is completely wrong
Money,How to earn (amount) in (time)
Relatable,This was me before (change)
Listicle,4 tools that help you (result)
Educational,The fastest way to learn (skill)
Curiosity,This one thing is secretly ruining your (result)
Authority,What experts won’t tell you about (topic)
Controversial,You don’t need (common advice)
Money,The easiest way to make money with (X39)
Relatable,"If you’re struggling with (problem), read this"
Listicle,5 mistakes to avoid when (action)
Educational,"Everyone tells you to (action), but here’s how to actually do it"
Curiosity,This changed everything for me
Authority,My proven system for (result)
Controversial,Most people get this wrong
Money,This skill can make you (amount)
Relatable,This hit me hard
Listicle,Top 5 lessons from (experience)
Educational,3 simple steps to (result)
Curiosity,What if I told you (X50) could (result)?
Authority,"As a (role), this is what I recommend"
Controversial,Unpopular opinion: (topic)
Money,This is what (amount) gets you
Relatable,"If you feel stuck, this is for you"
Listicle,6 secrets to (success)
Educational,How to go from (before) to (after) in (time)
Curiosity,Wait till you see this
Authority,My exact workflow for (result)
Controversial,This trend is hurting you
Money,Here’s how I made (amount) with (X60)
Relatable,I wish I knew this earlier
Listicle,Top 10 ways to (result)
Educational,Step-by-step: how to (result) without (pain point)
Curiosity,You’re probably doing this wrong
Authority,"I analyzed 100+ (things), here’s the pattern"
Controversial,The truth no one wants to hear
Money,Side hustle idea: (X67)
Relatable,Real talk about (topic)
Listicle,3 rules for (topic)
Educational,Here’s exactly how much (X70) you need to (result)
Curiosity,Did you know this about (topic)?
Authority,I tested (X72) so you don’t have to
Controversial,You’ve been lied to about (topic)
Money,How I saved (amount) doing this
Relatable,I failed at (X75) until I learned this
Listicle,8 strategies for (growth)
Educational,Beginner’s guide to (topic)
Curiosity,This sounds crazy but it works
Authority,"I studied (topic) deeply, here’s the truth"
Controversial,Stop doing this if you want (result)
Money,Turn (X81) into income using this method
Relatable,"I used to think (X82), but now…"
Listicle,7 hacks for (goal)
Educational,"If you want to (goal), start with this"
Curiosity,I tried (action) for (time)… here’s what happened
Authority,This is how I do (X86) consistently
Controversial,This is a waste of time
Money,How to monetize (skill)
Relatable,This is what nobody prepares you for
Listicle,3 things you need to know about (topic)
Educational,"In 60 seconds, I’ll teach you how to (result)"
Curiosity,"Nobody talks about this, but…"
Authority,"After (time), here’s what I learned"
Controversial,This is why you’re failing at (X94)
Money,Make money with this simple trick
Relatable,You’re not alone if you feel this
Listicle,9 tips for (improvement)
Educational,The only framework you need to (result)
Curiosity,Here’s what no one tells you about (topic)
Authority,"I’ve been doing (X100) for years, here’s what works"
Controversial,This advice is completely wrong
Money,How to earn (amount) in (time)
Relatable,This was me before (change)
Listicle,4 tools that help you (result)
Educational,The fastest way to learn (skill)
Curiosity,This one thing is secretly ruining your (result)
Authority,What experts won’t tell you about (topic)
Controversial,You don’t need (common advice)
Money,The easiest way to make money with (X109)
Relatable,"If you’re struggling with (problem), read this"
Listicle,5 mistakes to avoid when (action)
Educational,"Everyone tells you to (action), but here’s how to actually do it"
Curiosity,This changed everything for me
Authority,My proven system for (result)
Controversial,Most people get this wrong
Money,This skill can make you (amount)
Relatable,This hit me hard
Listicle,Top 5 lessons from (experience)
Educational,3 simple steps to (result)
Curiosity,What if I told you (X120) could (result)?
Authority,"As a (role), this is what I recommend"
Controversial,Unpopular opinion: (topic)
Money,This is what (amount) gets you
Relatable,"If you feel stuck, this is for you"
Listicle,6 secrets to (success)
Educational,How to go from (before) to (after) in (time)
Curiosity,Wait till you see this
Authority,My exact workflow for (result)
Controversial,This trend is hurting you
Money,Here’s how I made (amount) with (X130)
Relatable,I wish I knew this earlier
Listicle,Top 10 ways to (result)
Educational,Step-by-step: how to (result) without (pain point)
Curiosity,You’re probably doing this wrong
Authority,"I analyzed 100+ (things), here’s the pattern"
Controversial,The truth no one wants to hear
Money,Side hustle idea: (X137)
Relatable,Real talk about (topic)
Listicle,3 rules for (topic)
Educational,Here’s exactly how much (X140) you need to (result)
Curiosity,Did you know this about (topic)?
Authority,I tested (X142) so you don’t have to
Controversial,You’ve been lied to about (topic)
Money,How I saved (amount) doing this
Relatable,I failed at (X145) until I learned this
Listicle,8 strategies for (growth)
Educational,Beginner’s guide to (topic)
Curiosity,This sounds crazy but it works
Authority,"I studied (topic) deeply, here’s the truth"
Controversial,Stop doing this if you want (result)
Money,Turn (X151) into income using this method
Relatable,"I used to think (X152), but now…"
Listicle,7 hacks for (goal)
Educational,"If you want to (goal), start with this"
Curiosity,I tried (action) for (time)… here’s what happened
Authority,This is how I do (X156) consistently
Controversial,This is a waste of time
Money,How to monetize (skill)
Relatable,This is what nobody prepares you for
Listicle,3 things you need to know about (topic)
Educational,"In 60 seconds, I’ll teach you how to (result)"
Curiosity,"Nobody talks about this, but…"
Authority,"After (time), here’s what I learned"
Controversial,This is why you’re failing at (X164)
Money,Make money with this simple trick
Relatable,You’re not alone if you feel this
Listicle,9 tips for (improvement)
Educational,The only framework you need to (result)
Curiosity,Here’s what no one tells you about (topic)
Authority,"I’ve been doing (X170) for years, here’s what works"
Controversial,This advice is completely wrong
Money,How to earn (amount) in (time)
Relatable,This was me before (change)
Listicle,4 tools that help you (result)
Educational,The fastest way to learn (skill)
Curiosity,This one thing is secretly ruining your (result)
Authority,What experts won’t tell you about (topic)
Controversial,You don’t need (common advice)
Money,The easiest way to make money with (X179)
Relatable,"If you’re struggling with (problem), read this"
Listicle,5 mistakes to avoid when (action)
Educational,"Everyone tells you to (action), but here’s how to actually do it"
Curiosity,This changed everything for me
Authority,My proven system for (result)
Controversial,Most people get this wrong
Money,This skill can make you (amount)
Relatable,This hit me hard
Listicle,Top 5 lessons from (experience)
Educational,3 simple steps to (result)
Curiosity,What if I told you (X190) could (result)?
Authority,"As a (role), this is what I recommend"
Controversial,Unpopular opinion: (topic)
Money,This is what (amount) gets you
Relatable,"If you feel stuck, this is for you"
Listicle,6 secrets to (success)
Educational,How to go from (before) to (after) in (time)
Curiosity,Wait till you see this
Authority,My exact workflow for (result)
Controversial,This trend is hurting you
Money,Here’s how I made (amount) with (X200)
Relatable,I wish I knew this earlier
Listicle,Top 10 ways to (result)
Educational,Step-by-step: how to (result) without (pain point)
Curiosity,You’re probably doing this wrong
Authority,"I analyzed 100+ (things), here’s the pattern"
Controversial,The truth no one wants to hear
Money,Side hustle idea: (X207)
Relatable,Real talk about (topic)
Listicle,3 rules for (topic)
Educational,Here’s exactly how much (X210) you need to (result)
Curiosity,Did you know this about (topic)?
Authority,I tested (X212) so you don’t have to
Controversial,You’ve been lied to about (topic)
Money,How I saved (amount) doing this
Relatable,I failed at (X215) until I learned this
Listicle,8 strategies for (growth)
Educational,Beginner’s guide to (topic)
Curiosity,This sounds crazy but it works
Authority,"I studied (topic) deeply, here’s the truth"
Controversial,Stop doing this if you want (result)
Money,Turn (X221) into income using this method
Relatable,"I used to think (X222), but now…"
Listicle,7 hacks for (goal)
Educational,"If you want to (goal), start with this"
Curiosity,I tried (action) for (time)… here’s what happened
Authority,This is how I do (X226) consistently
Controversial,This is a waste of time
Money,How to monetize (skill)
Relatable,This is what nobody prepares you for
Listicle,3 things you need to know about (topic)
Educational,"In 60 seconds, I’ll teach you how to (result)"
Curiosity,"Nobody talks about this, but…"
Authority,"After (time), here’s what I learned"
Controversial,This is why you’re failing at (X234)
Money,Make money with this simple trick
Relatable,You’re not alone if you feel this
Listicle,9 tips for (improvement)
Educational,The only framework you need to (result)
Curiosity,Here’s what no one tells you about (topic)
Authority,"I’ve been doing (X240) for years, here’s what works"
Controversial,This advice is completely wrong
Money,How to earn (amount) in (time)
Relatable,This was me before (change)
Listicle,4 tools that help you (result)
Educational,The fastest way to learn (skill)
Curiosity,This one thing is secretly ruining your (result)
Authority,What experts won’t tell you about (topic)
Controversial,You don’t need (common advice)
Money,The easiest way to make money with (X249)
Relatable,"If you’re struggling with (problem), read this"
Listicle,5 mistakes to avoid when (action)
Educational,"Everyone tells you to (action), but here’s how to actually do it"
Curiosity,This changed everything for me
Authority,My proven system for (result)
Controversial,Most people get this wrong
Money,This skill can make you (amount)
Relatable,This hit me hard
Listicle,Top 5 lessons from (experience)
Educational,3 simple steps to (result)
Curiosity,What if I told you (X260) could (result)?
Authority,"As a (role), this is what I recommend"
Controversial,Unpopular opinion: (topic)
Money,This is what (amount) gets you
Relatable,"If you feel stuck, this is for you"
Listicle,6 secrets to (success)
Educational,How to go from (before) to (after) in (time)
Curiosity,Wait till you see this
Authority,My exact workflow for (result)
Controversial,This trend is hurting you
Money,Here’s how I made (amount) with (X270)
Relatable,I wish I knew this earlier
Listicle,Top 10 ways to (result)
Educational,Step-by-step: how to (result) without (pain point)
Curiosity,You’re probably doing this wrong
Authority,"I analyzed 100+ (things), here’s the pattern"
Controversial,The truth no one wants to hear
Money,Side hustle idea: (X277)
Relatable,Real talk about (topic)
Listicle,3 rules for (topic)
Educational,Here’s exactly how much (X280) you need to (result)
Curiosity,Did you know this about (topic)?
Authority,I tested (X282) so you don’t have to
Controversial,You’ve been lied to about (topic)
Money,How I saved (amount) doing this
Relatable,I failed at (X285) until I learned this
Listicle,8 strategies for (growth)
Educational,Beginner’s guide to (topic)
Curiosity,This sounds crazy but it works
Authority,"I studied (topic) deeply, here’s the truth"
Controversial,Stop doing this if you want (result)
Money,Turn (X291) into income using this method
Relatable,"I used to think (X292), but now…"
Listicle,7 hacks for (goal)
Educational,"If you want to (goal), start with this"
Curiosity,I tried (action) for (time)… here’s what happened
Authority,This is how I do (X296) consistently
Controversial,This is a waste of time
Money,How to monetize (skill)
Relatable,This is what nobody prepares you for
Listicle,3 things you need to know about (topic)
Educational,"In 60 seconds, I’ll teach you how to (result)"
Curiosity,"Nobody talks about this, but…"
Authority,"After (time), here’s what I learned"
Controversial,This is why you’re failing at (X304)
Money,Make money with this simple trick
Relatable,You’re not alone if you feel this
Listicle,9 tips for (improvement)
Educational,The only framework you need to (result)
Curiosity,Here’s what no one tells you about (topic)
Authority,"I’ve been doing (X310) for years, here’s what works"
Controversial,This advice is completely wrong
Money,How to earn (amount) in (time)
Relatable,This was me before (change)
Listicle,4 tools that help you (result)
Educational,The fastest way to learn (skill)
Curiosity,This one thing is secretly ruining your (result)
Authority,What experts won’t tell you about (topic)
Controversial,You don’t need (common advice)
Money,The easiest way to make money with (X319)
Relatable,"If you’re struggling with (problem), read this"
Listicle,5 mistakes to avoid when (action)
Educational,"Everyone tells you to (action), but here’s how to actually do it"
Curiosity,This changed everything for me
Authority,My proven system for (result)
Controversial,Most people get this wrong
Money,This skill can make you (amount)
Relatable,This hit me hard
Listicle,Top 5 lessons from (experience)
Educational,3 simple steps to (result)
Curiosity,What if I told you (X330) could (result)?
Authority,"As a (role), this is what I recommend"
Controversial,Unpopular opinion: (topic)
Money,This is what (amount) gets you
Relatable,"If you feel stuck, this is for you"
Listicle,6 secrets to (success)
Educational,How to go from (before) to (after) in (time)
Curiosity,Wait till you see this
Authority,My exact workflow for (result)
Controversial,This trend is hurting you
Money,Here’s how I made (amount) with (X340)
Relatable,I wish I knew this earlier
Listicle,Top 10 ways to (result)
Educational,Step-by-step: how to (result) without (pain point)
Curiosity,You’re probably doing this wrong
Authority,"I analyzed 100+ (things), here’s the pattern"
Controversial,The truth no one wants to hear
Money,Side hustle idea: (X347)
Relatable,Real talk about (topic)
Listicle,3 rules for (topic)
Educational,Here’s exactly how much (X350) you need to (result)
Curiosity,Did you know this about (topic)?
Authority,I tested (X352) so you don’t have to
Controversial,You’ve been lied to about (topic)
Money,How I saved (amount) doing this
Relatable,I failed at (X355) until I learned this
Listicle,8 strategies for (growth)
Educational,Beginner’s guide to (topic)
Curiosity,This sounds crazy but it works
Authority,"I studied (topic) deeply, here’s the truth"
Controversial,Stop doing this if you want (result)
Money,Turn (X361) into income using this method
Relatable,"I used to think (X362), but now…"
Listicle,7 hacks for (goal)
Educational,"If you want to (goal), start with this"
Curiosity,I tried (action) for (time)… here’s what happened
Authority,This is how I do (X366) consistently
Controversial,This is a waste of time
Money,How to monetize (skill)
Relatable,This is what nobody prepares you for
Listicle,3 things you need to know about (topic)
Educational,"In 60 seconds, I’ll teach you how to (result)"
Curiosity,"Nobody talks about this, but…"
Authority,"After (time), here’s what I learned"
Controversial,This is why you’re failing at (X374)
Money,Make money with this simple trick
Relatable,You’re not alone if you feel this
Listicle,9 tips for (improvement)
Educational,The only framework you need to (result)
Curiosity,Here’s what no one tells you about (topic)
Authority,"I’ve been doing (X380) for years, here’s what works"
Controversial,This advice is completely wrong
Money,How to earn (amount) in (time)
Relatable,This was me before (change)
Listicle,4 tools that help you (result)
Educational,The fastest way to learn (skill)
Curiosity,This one thing is secretly ruining your (result)
Authority,What experts won’t tell you about (topic)
Controversial,You don’t need (common advice)
Money,The easiest way to make money with (X389)
Relatable,"If you’re struggling with (problem), read this"
Listicle,5 mistakes to avoid when (action)
Educational,"Everyone tells you to (action), but here’s how to actually do it"
Curiosity,This changed everything for me
Authority,My proven system for (result)
Controversial,Most people get this wrong
Money,This skill can make you (amount)
Relatable,This hit me hard
Listicle,Top 5 lessons from (experience)
Educational,3 simple steps to (result)
Curiosity,What if I told you (X400) could (result)?
Authority,"As a (role), this is what I recommend"
Controversial,Unpopular opinion: (topic)
Money,This is what (amount) gets you
Relatable,"If you feel stuck, this is for you"
Listicle,6 secrets to (success)
Educational,How to go from (before) to (after) in (time)
Curiosity,Wait till you see this
Authority,My exact workflow for (result)
Controversial,This trend is hurting you
Money,Here’s how I made (amount) with (X410)
Relatable,I wish I knew this earlier
Listicle,Top 10 ways to (result)
Educational,Step-by-step: how to (result) without (pain point)
Curiosity,You’re probably doing this wrong
Authority,"I analyzed 100+ (things), here’s the pattern"
Controversial,The truth no one wants to hear
Money,Side hustle idea: (X417)
Relatable,Real talk about (topic)
Listicle,3 rules for (topic)
Educational,Here’s exactly how much (X420) you need to (result)
Curiosity,Did you know this about (topic)?
Authority,I tested (X422) so you don’t have to
Controversial,You’ve been lied to about (topic)
Money,How I saved (amount) doing this
Relatable,I failed at (X425) until I learned this
Listicle,8 strategies for (growth)
Educational,Beginner’s guide to (topic)
Curiosity,This sounds crazy but it works
Authority,"I studied (topic) deeply, here’s the truth"
Controversial,Stop doing this if you want (result)
Money,Turn (X431) into income using this method
Relatable,"I used to think (X432), but now…"
Listicle,7 hacks for (goal)
Educational,"If you want to (goal), start with this"
Curiosity,I tried (action) for (time)… here’s what happened
Authority,This is how I do (X436) consistently
Controversial,This is a waste of time
Money,How to monetize (skill)
Relatable,This is what nobody prepares you for
Listicle,3 things you need to know about (topic)
Educational,"In 60 seconds, I’ll teach you how to (result)"
Curiosity,"Nobody talks about this, but…"
Authority,"After (time), here’s what I learned"
Controversial,This is why you’re failing at (X444)
Money,Make money with this simple trick
Relatable,You’re not alone if you feel this
Listicle,9 tips for (improvement)
Educational,The only framework you need to (result)
Curiosity,Here’s what no one tells you about (topic)
Authority,"I’ve been doing (X450) for years, here’s what works"
Controversial,This advice is completely wrong
Money,How to earn (amount) in (time)
Relatable,This was me before (change)
Listicle,4 tools that help you (result)
Educational,The fastest way to learn (skill)
Curiosity,This one thing is secretly ruining your (result)
Authority,What experts won’t tell you about (topic)
Controversial,You don’t need (common advice)
Money,The easiest way to make money with (X459)
Relatable,"If you’re struggling with (problem), read this"
Listicle,5 mistakes to avoid when (action)
Educational,"Everyone tells you to (action), but here’s how to actually do it"
Curiosity,This changed everything for me
Authority,My proven system for (result)
Controversial,Most people get this wrong
Money,This skill can make you (amount)
Relatable,This hit me hard
Listicle,Top 5 lessons from (experience)
Educational,3 simple steps to (result)
Curiosity,What if I told you (X470) could (result)?
Authority,"As a (role), this is what I recommend"
Controversial,Unpopular opinion: (topic)
Money,This is what (amount) gets you
Relatable,"If you feel stuck, this is for you"
Listicle,6 secrets to (success)
Educational,How to go from (before) to (after) in (time)
Curiosity,Wait till you see this
Authority,My exact workflow for (result)
Controversial,This trend is hurting you
Money,Here’s how I made (amount) with (X480)
Relatable,I wish I knew this earlier
Listicle,Top 10 ways to (result)
Educational,Step-by-step: how to (result) without (pain point)
Curiosity,You’re probably doing this wrong
Authority,"I analyzed 100+ (things), here’s the pattern"
Controversial,The truth no one wants to hear
Money,Side hustle idea: (X487)
Relatable,Real talk about (topic)
Listicle,3 rules for (topic)
Educational,Here’s exactly how much (X490) you need to (result)
Curiosity,Did you know this about (topic)?
Authority,I tested (X492) so you don’t have to
Controversial,You’ve been lied to about (topic)
Money,How I saved (amount) doing this
Relatable,I failed at (X495) until I learned this
Listicle,8 strategies for (growth)
Educational,Beginner’s guide to (topic)
Curiosity,This sounds crazy but it works
Authority,"I studied (topic) deeply, here’s the truth"
Controversial,Stop doing this if you want (result)
Money,Turn (X501) into income using this method
Relatable,"I used to think (X502), but now…"
Listicle,7 hacks for (goal)
Educational,"If you want to (goal), start with this"
Curiosity,I tried (action) for (time)… here’s what happened
Authority,This is how I do (X506) consistently
Controversial,This is a waste of time
Money,How to monetize (skill)
Relatable,This is what nobody prepares you for
Listicle,3 things you need to know about (topic)
Educational,"In 60 seconds, I’ll teach you how to (result)"
Curiosity,"Nobody talks about this, but…"
Authority,"After (time), here’s what I learned"
Controversial,This is why you’re failing at (X514)
Money,Make money with this simple trick
Relatable,You’re not alone if you feel this
Listicle,9 tips for (improvement)
Educational,The only framework you need to (result)
Curiosity,Here’s what no one tells you about (topic)
Authority,"I’ve been doing (X520) for years, here’s what works"
Controversial,This advice is completely wrong
Money,How to earn (amount) in (time)
Relatable,This was me before (change)
Listicle,4 tools that help you (result)
Educational,The fastest way to learn (skill)
Curiosity,This one thing is secretly ruining your (result)
Authority,What experts won’t tell you about (topic)
Controversial,You don’t need (common advice)
Money,The easiest way to make money with (X529)
Relatable,"If you’re struggling with (problem), read this"
Listicle,5 mistakes to avoid when (action)
Educational,"Everyone tells you to (action), but here’s how to actually do it"
Curiosity,This changed everything for me
Authority,My proven system for (result)
Controversial,Most people get this wrong
Money,This skill can make you (amount)
Relatable,This hit me hard
Listicle,Top 5 lessons from (experience)
Educational,3 simple steps to (result)
Curiosity,What if I told you (X540) could (result)?
Authority,"As a (role), this is what I recommend"
Controversial,Unpopular opinion: (topic)
Money,This is what (amount) gets you
Relatable,"If you feel stuck, this is for you"
Listicle,6 secrets to (success)
Educational,How to go from (before) to (after) in (time)
Curiosity,Wait till you see this
Authority,My exact workflow for (result)
Controversial,This trend is hurting you
Money,Here’s how I made (amount) with (X550)
Relatable,I wish I knew this earlier
Listicle,Top 10 ways to (result)
Educational,Step-by-step: how to (result) without (pain point)
Curiosity,You’re probably doing this wrong
Authority,"I analyzed 100+ (things), here’s the pattern"
Controversial,The truth no one wants to hear
Money,Side hustle idea: (X557)
Relatable,Real talk about (topic)
Listicle,3 rules for (topic)
Educational,Here’s exactly how much (X560) you need to (result)
Curiosity,Did you know this about (topic)?
Authority,I tested (X562) so you don’t have to
Controversial,You’ve been lied to about (topic)
Money,How I saved (amount) doing this
Relatable,I failed at (X565) until I learned this
Listicle,8 strategies for (growth)
Educational,Beginner’s guide to (topic)
Curiosity,This sounds crazy but it works
Authority,"I studied (topic) deeply, here’s the truth"
Controversial,Stop doing this if you want (result)
Money,Turn (X571) into income using this method
Relatable,"I used to think (X572), but now…"
Listicle,7 hacks for (goal)
Educational,"If you want to (goal), start with this"
Curiosity,I tried (action) for (time)… here’s what happened
Authority,This is how I do (X576) consistently
Controversial,This is a waste of time
Money,How to monetize (skill)
Relatable,This is what nobody prepares you for
Listicle,3 things you need to know about (topic)
Educational,"In 60 seconds, I’ll teach you how to (result)"
Curiosity,"Nobody talks about this, but…"
Authority,"After (time), here’s what I learned"
Controversial,This is why you’re failing at (X584)
Money,Make money with this simple trick
Relatable,You’re not alone if you feel this
Listicle,9 tips for (improvement)
Educational,The only framework you need to (result)
Curiosity,Here’s what no one tells you about (topic)
Authority,"I’ve been doing (X590) for years, here’s what works"
Controversial,This advice is completely wrong
Money,How to earn (amount) in (time)
Relatable,This was me before (change)
Listicle,4 tools that help you (result)
Educational,The fastest way to learn (skill)
Curiosity,This one thing is secretly ruining your (result)
Authority,What experts won’t tell you about (topic)
Controversial,You don’t need (common advice)
Money,The easiest way to make money with (X599)
Relatable,"If you’re struggling with (problem), read this"
Listicle,5 mistakes to avoid when (action)
Educational,"Everyone tells you to (action), but here’s how to actually do it"
Curiosity,This changed everything for me
Authority,My proven system for (result)
Controversial,Most people get this wrong
Money,This skill can make you (amount)
Relatable,This hit me hard
Listicle,Top 5 lessons from (experience)
Educational,3 simple steps to (result)
Curiosity,What if I told you (X610) could (result)?
Authority,"As a (role), this is what I recommend"
Controversial,Unpopular opinion: (topic)
Money,This is what (amount) gets you
Relatable,"If you feel stuck, this is for you"
Listicle,6 secrets to (success)
Educational,How to go from (before) to (after) in (time)
Curiosity,Wait till you see this
Authority,My exact workflow for (result)
Controversial,This trend is hurting you
Money,Here’s how I made (amount) with (X620)
Relatable,I wish I knew this earlier
Listicle,Top 10 ways to (result)
Educational,Step-by-step: how to (result) without (pain point)
Curiosity,You’re probably doing this wrong
Authority,"I analyzed 100+ (things), here’s the pattern"
Controversial,The truth no one wants to hear
Money,Side hustle idea: (X627)
Relatable,Real talk about (topic)
Listicle,3 rules for (topic)
Educational,Here’s exactly how much (X630) you need to (result)
Curiosity,Did you know this about (topic)?
Authority,I tested (X632) so you don’t have to
Controversial,You’ve been lied to about (topic)
Money,How I saved (amount) doing this
Relatable,I failed at (X635) until I learned this
Listicle,8 strategies for (growth)
Educational,Beginner’s guide to (topic)
Curiosity,This sounds crazy but it works
Authority,"I studied (topic) deeply, here’s the truth"
Controversial,Stop doing this if you want (result)
Money,Turn (X641) into income using this method
Relatable,"I used to think (X642), but now…"
Listicle,7 hacks for (goal)
Educational,"If you want to (goal), start with this"
Curiosity,I tried (action) for (time)… here’s what happened
Authority,This is how I do (X646) consistently
Controversial,This is a waste of time
Money,How to monetize (skill)
Relatable,This is what nobody prepares you for
Listicle,3 things you need to know about (topic)
Educational,"In 60 seconds, I’ll teach you how to (result)"
Curiosity,"Nobody talks about this, but…"
Authority,"After (time), here’s what I learned"
Controversial,This is why you’re failing at (X654)
Money,Make money with this simple trick
Relatable,You’re not alone if you feel this
Listicle,9 tips for (improvement)
Educational,The only framework you need to (result)
Curiosity,Here’s what no one tells you about (topic)
Authority,"I’ve been doing (X660) for years, here’s what works"
Controversial,This advice is completely wrong
Money,How to earn (amount) in (time)
Relatable,This was me before (change)
Listicle,4 tools that help you (result)
Educational,The fastest way to learn (skill)
Curiosity,This one thing is secretly ruining your (result)
Authority,What experts won’t tell you about (topic)
Controversial,You don’t need (common advice)
Money,The easiest way to make money with (X669)
Relatable,"If you’re struggling with (problem), read this"
Listicle,5 mistakes to avoid when (action)
Educational,"Everyone tells you to (action), but here’s how to actually do it"
Curiosity,This changed everything for me
Authority,My proven system for (result)
Controversial,Most people get this wrong
Money,This skill can make you (amount)
Relatable,This hit me hard
Listicle,Top 5 lessons from (experience)
Educational,3 simple steps to (result)
Curiosity,What if I told you (X680) could (result)?
Authority,"As a (role), this is what I recommend"
Controversial,Unpopular opinion: (topic)
Money,This is what (amount) gets you
Relatable,"If you feel stuck, this is for you"
Listicle,6 secrets to (success)
Educational,How to go from (before) to (after) in (time)
Curiosity,Wait till you see this
Authority,My exact workflow for (result)
Controversial,This trend is hurting you
Money,Here’s how I made (amount) with (X690)
Relatable,I wish I knew this earlier
Listicle,Top 10 ways to (result)
Educational,Step-by-step: how to (result) without (pain point)
Curiosity,You’re probably doing this wrong
Authority,"I analyzed 100+ (things), here’s the pattern"
Controversial,The truth no one wants to hear
Money,Side hustle idea: (X697)
Relatable,Real talk about (topic)
Listicle,3 rules for (topic)
Educational,Here’s exactly how much (X700) you need to (result)
Curiosity,Did you know this about (topic)?
Authority,I tested (X702) so you don’t have to
Controversial,You’ve been lied to about (topic)
Money,How I saved (amount) doing this
Relatable,I failed at (X705) until I learned this
Listicle,8 strategies for (growth)
Educational,Beginner’s guide to (topic)
Curiosity,This sounds crazy but it works
Authority,"I studied (topic) deeply, here’s the truth"
Controversial,Stop doing this if you want (result)
Money,Turn (X711) into income using this method
Relatable,"I used to think (X712), but now…"
Listicle,7 hacks for (goal)
Educational,"If you want to (goal), start with this"
Curiosity,I tried (action) for (time)… here’s what happened
Authority,This is how I do (X716) consistently
Controversial,This is a waste of time
Money,How to monetize (skill)
Relatable,This is what nobody prepares you for
Listicle,3 things you need to know about (topic)
Educational,"In 60 seconds, I’ll teach you how to (result)"
Curiosity,"Nobody talks about this, but…"
Authority,"After (time), here’s what I learned"
Controversial,This is why you’re failing at (X724)
Money,Make money with this simple trick
Relatable,You’re not alone if you feel this
Listicle,9 tips for (improvement)
Educational,The only framework you need to (result)
Curiosity,Here’s what no one tells you about (topic)
Authority,"I’ve been doing (X730) for years, here’s what works"
Controversial,This advice is completely wrong
Money,How to earn (amount) in (time)
Relatable,This was me before (change)
Listicle,4 tools that help you (result)
Educational,The fastest way to learn (skill)
Curiosity,This one thing is secretly ruining your (result)
Authority,What experts won’t tell you about (topic)
Controversial,You don’t need (common advice)
Money,The easiest way to make money with (X739)
Relatable,"If you’re struggling with (problem), read this"
Listicle,5 mistakes to avoid when (action)
Educational,"Everyone tells you to (action), but here’s how to actually do it"
Curiosity,This changed everything for me
Authority,My proven system for (result)
Controversial,Most people get this wrong
Money,This skill can make you (amount)
Relatable,This hit me hard
Listicle,Top 5 lessons from (experience)
Educational,3 simple steps to (result)
Curiosity,What if I told you (X750) could (result)?
Authority,"As a (role), this is what I recommend"
Controversial,Unpopular opinion: (topic)
Money,This is what (amount) gets you
Relatable,"If you feel stuck, this is for you"
Listicle,6 secrets to (success)
Educational,How to go from (before) to (after) in (time)
Curiosity,Wait till you see this
Authority,My exact workflow for (result)
Controversial,This trend is hurting you
Money,Here’s how I made (amount) with (X760)
Relatable,I wish I knew this earlier
Listicle,Top 10 ways to (result)
Educational,Step-by-step: how to (result) without (pain point)
Curiosity,You’re probably doing this wrong
Authority,"I analyzed 100+ (things), here’s the pattern"
Controversial,The truth no one wants to hear
Money,Side hustle idea: (X767)
Relatable,Real talk about (topic)
Listicle,3 rules for (topic)
Educational,Here’s exactly how much (X770) you need to (result)
Curiosity,Did you know this about (topic)?
Authority,I tested (X772) so you don’t have to
Controversial,You’ve been lied to about (topic)
Money,How I saved (amount) doing this
Relatable,I failed at (X775) until I learned this
Listicle,8 strategies for (growth)
Educational,Beginner’s guide to (topic)
Curiosity,This sounds crazy but it works
Authority,"I studied (topic) deeply, here’s the truth"
Controversial,Stop doing this if you want (result)
Money,Turn (X781) into income using this method
Relatable,"I used to think (X782), but now…"
Listicle,7 hacks for (goal)
Educational,"If you want to (goal), start with this"
Curiosity,I tried (action) for (time)… here’s what happened
Authority,This is how I do (X786) consistently
Controversial,This is a waste of time
Money,How to monetize (skill)
Relatable,This is what nobody prepares you for
Listicle,3 things you need to know about (topic)
Educational,"In 60 seconds, I’ll teach you how to (result)"
Curiosity,"Nobody talks about this, but…"
Authority,"After (time), here’s what I learned"
Controversial,This is why you’re failing at (X794)
Money,Make money with this simple trick
Relatable,You’re not alone if you feel this
Listicle,9 tips for (improvement)
Educational,The only framework you need to (result)
Curiosity,Here’s what no one tells you about (topic)
Authority,"I’ve been doing (X800) for years, here’s what works"
Controversial,This advice is completely wrong
Money,How to earn (amount) in (time)
Relatable,This was me before (change)
Listicle,4 tools that help you (result)
Educational,The fastest way to learn (skill)
Curiosity,This one thing is secretly ruining your (result)
Authority,What experts won’t tell you about (topic)
Controversial,You don’t need (common advice)
Money,The easiest way to make money with (X809)
Relatable,"If you’re struggling with (problem), read this"
Listicle,5 mistakes to avoid when (action)
Educational,"Everyone tells you to (action), but here’s how to actually do it"
Curiosity,This changed everything for me
Authority,My proven system for (result)
Controversial,Most people get this wrong
Money,This skill can make you (amount)
Relatable,This hit me hard
Listicle,Top 5 lessons from (experience)
Educational,3 simple steps to (result)
Curiosity,What if I told you (X820) could (result)?
Authority,"As a (role), this is what I recommend"
Controversial,Unpopular opinion: (topic)
Money,This is what (amount) gets you
Relatable,"If you feel stuck, this is for you"
Listicle,6 secrets to (success)
Educational,How to go from (before) to (after) in (time)
Curiosity,Wait till you see this
Authority,My exact workflow for (result)
Controversial,This trend is hurting you
Money,Here’s how I made (amount) with (X830)
Relatable,I wish I knew this earlier
Listicle,Top 10 ways to (result)
Educational,Step-by-step: how to (result) without (pain point)
Curiosity,You’re probably doing this wrong
Authority,"I analyzed 100+ (things), here’s the pattern"
Controversial,The truth no one wants to hear
Money,Side hustle idea: (X837)
Relatable,Real talk about (topic)
Listicle,3 rules for (topic)
Educational,Here’s exactly how much (X840) you need to (result)
Curiosity,Did you know this about (topic)?
Authority,I tested (X842) so you don’t have to
Controversial,You’ve been lied to about (topic)
Money,How I saved (amount) doing this
Relatable,I failed at (X845) until I learned this
Listicle,8 strategies for (growth)
Educational,Beginner’s guide to (topic)
Curiosity,This sounds crazy but it works
Authority,"I studied (topic) deeply, here’s the truth"
Controversial,Stop doing this if you want (result)
Money,Turn (X851) into income using this method
Relatable,"I used to think (X852), but now…"
Listicle,7 hacks for (goal)
Educational,"If you want to (goal), start with this"
Curiosity,I tried (action) for (time)… here’s what happened
Authority,This is how I do (X856) consistently
Controversial,This is a waste of time
Money,How to monetize (skill)
Relatable,This is what nobody prepares you for
Listicle,3 things you need to know about (topic)
Educational,"In 60 seconds, I’ll teach you how to (result)"
Curiosity,"Nobody talks about this, but…"
Authority,"After (time), here’s what I learned"
Controversial,This is why you’re failing at (X864)
Money,Make money with this simple trick
Relatable,You’re not alone if you feel this
Listicle,9 tips for (improvement)
Educational,The only framework you need to (result)
Curiosity,Here’s what no one tells you about (topic)
Authority,"I’ve been doing (X870) for years, here’s what works"
Controversial,This advice is completely wrong
Money,How to earn (amount) in (time)
Relatable,This was me before (change)
Listicle,4 tools that help you (result)
Educational,The fastest way to learn (skill)
Curiosity,This one thing is secretly ruining your (result)
Authority,What experts won’t tell you about (topic)
Controversial,You don’t need (common advice)
Money,The easiest way to make money with (X879)
Relatable,"If you’re struggling with (problem), read this"
Listicle,5 mistakes to avoid when (action)
Educational,"Everyone tells you to (action), but here’s how to actually do it"
Curiosity,This changed everything for me
Authority,My proven system for (result)
Controversial,Most people get this wrong
Money,This skill can make you (amount)
Relatable,This hit me hard
Listicle,Top 5 lessons from (experience)
Educational,3 simple steps to (result)
Curiosity,What if I told you (X890) could (result)?
Authority,"As a (role), this is what I recommend"
Controversial,Unpopular opinion: (topic)
Money,This is what (amount) gets you
Relatable,"If you feel stuck, this is for you"
Listicle,6 secrets to (success)
Educational,How to go from (before) to (after) in (time)
Curiosity,Wait till you see this
Authority,My exact workflow for (result)
Controversial,This trend is hurting you
Money,Here’s how I made (amount) with (X900)
Relatable,I wish I knew this earlier
Listicle,Top 10 ways to (result)
Educational,Step-by-step: how to (result) without (pain point)
Curiosity,You’re probably doing this wrong
Authority,"I analyzed 100+ (things), here’s the pattern"
Controversial,The truth no one wants to hear
Money,Side hustle idea: (X907)
Relatable,Real talk about (topic)
Listicle,3 rules for (topic)
Educational,Here’s exactly how much (X910) you need to (result)
Curiosity,Did you know this about (topic)?
Authority,I tested (X912) so you don’t have to
Controversial,You’ve been lied to about (topic)
Money,How I saved (amount) doing this
Relatable,I failed at (X915) until I learned this
Listicle,8 strategies for (growth)
Educational,Beginner’s guide to (topic)
Curiosity,This sounds crazy but it works
Authority,"I studied (topic) deeply, here’s the truth"
Controversial,Stop doing this if you want (result)
Money,Turn (X921) into income using this method
Relatable,"I used to think (X922), but now…"
Listicle,7 hacks for (goal)
Educational,"If you want to (goal), start with this"
Curiosity,I tried (action) for (time)… here’s what happened
Authority,This is how I do (X926) consistently
Controversial,This is a waste of time
Money,How to monetize (skill)
Relatable,This is what nobody prepares you for
Listicle,3 things you need to know about (topic)
Educational,"In 60 seconds, I’ll teach you how to (result)"
Curiosity,"Nobody talks about this, but…"
Authority,"After (time), here’s what I learned"
Controversial,This is why you’re failing at (X934)
Money,Make money with this simple trick
Relatable,You’re not alone if you feel this
Listicle,9 tips for (improvement)
Educational,The only framework you need to (result)
Curiosity,Here’s what no one tells you about (topic)
Authority,"I’ve been doing (X940) for years, here’s what works"
Controversial,This advice is completely wrong
Money,How to earn (amount) in (time)
Relatable,This was me before (change)
Listicle,4 tools that help you (result)
Educational,The fastest way to learn (skill)
Curiosity,This one thing is secretly ruining your (result)
Authority,What experts won’t tell you about (topic)
Controversial,You don’t need (common advice)
Money,The easiest way to make money with (X949)
Relatable,"If you’re struggling with (problem), read this"
Listicle,5 mistakes to avoid when (action)
Educational,"Everyone tells you to (action), but here’s how to actually do it"
Curiosity,This changed everything for me
Authority,My proven system for (result)
Controversial,Most people get this wrong
Money,This skill can make you (amount)
Relatable,This hit me hard
Listicle,Top 5 lessons from (experience)
Educational,3 simple steps to (result)
Curiosity,What if I told you (X960) could (result)?
Authority,"As a (role), this is what I recommend"
Controversial,Unpopular opinion: (topic)
Money,This is what (amount) gets you
Relatable,"If you feel stuck, this is for you"
Listicle,6 secrets to (success)
Educational,How to go from (before) to (after) in (time)
Curiosity,Wait till you see this
Authority,My exact workflow for (result)
Controversial,This trend is hurting you
Money,Here’s how I made (amount) with (X970)
Relatable,I wish I knew this earlier
Listicle,Top 10 ways to (result)
Educational,Step-by-step: how to (result) without (pain point)
Curiosity,You’re probably doing this wrong
Authority,"I analyzed 100+ (things), here’s the pattern"
Controversial,The truth no one wants to hear
Money,Side hustle idea: (X977)
Relatable,Real talk about (topic)
Listicle,3 rules for (topic)
Educational,Here’s exactly how much (X980) you need to (result)
Curiosity,Did you know this about (topic)?
Authority,I tested (X982) so you don’t have to
Controversial,You’ve been lied to about (topic)
Money,How I saved (amount) doing this
Relatable,I failed at (X985) until I learned this
Listicle,8 strategies for (growth)
Educational,Beginner’s guide to (topic)
Curiosity,This sounds crazy but it works
Authority,"I studied (topic) deeply, here’s the truth"
Controversial,Stop doing this if you want (result)
Money,Turn (X991) into income using this method
Relatable,"I used to think (X992), but now…"
Listicle,7 hacks for (goal)
Educational,"If you want to (goal), start with this"
Curiosity,I tried (action) for (time)… here’s what happened
Authority,This is how I do (X996) consistently
Controversial,This is a waste of time
Money,How to monetize (skill)
Relatable,This is what nobody prepares you for
